,label
Q4_rW1I58_lMEg_2,Q4
Q1_7yW9c7t8Hq0_3,Q1
Q4_IgpNyJVWcBo_0,Q4
Q1_Y5JcZQ0xg4Y_2,Q1
Q3_QJlnTN7HRwE_2,Q3
Q2_dtS02mrDMsM_3,Q2
Q3_02t1bj7ZABY_1,Q3
Q4_Hwd6l9jK7bo_0,Q4
Q4_I2MrA-o5H8I_1,Q4
Q1_zmZHNy9T8Pg_0,Q1
Q3_rEz0D3VohFA_0,Q3
Q4_rDhbGjFlKF8_0,Q4
Q3_0c2dTJTDUR4_0,Q3
Q3_7JIdJLkJ0S4_3,Q3
Q2_--2B4d4lQhs_2,Q2
Q1_Fc1qk52SaKY_0,Q1
Q4_TcFVq0leii4_0,Q4
Q2_ufRISSD28XA_1,Q2
Q4_CkjAksZstEA_1,Q4
Q1_xrhWli_R98g_1,Q1
Q1_2Z9SjI131jA_9,Q1
Q2_yhIncZ_Ue4E_1,Q2
Q3_NTI9ode6bRk_1,Q3
Q3_rrD7XMtPs0Q_0,Q3
Q4_6kRPHamGDSo_2,Q4
Q2_ivCNV47tsRw_2,Q2
Q1_vv6nrZ2myXw_3,Q1
Q2_z5ewpQwGDNw_0,Q2
Q2_AacIP9mDLw8_2,Q2
Q1_Y5JcZQ0xg4Y_0,Q1
Q2_ZTrEoB8T9YA_1,Q2
Q4_jNzZCplNNyY_0,Q4
Q2_08t73Qgjkt4_2,Q2
Q3_H6_7DjsbROQ_4,Q3
Q3_PXOWy7NiZhk_0,Q3
Q3_1cgO42sh-ZY_0,Q3
Q4_BaHHHgDd0BU_0,Q4
Q2_38i12IPkL5c_2,Q2
Q4_kfYaGryaGzI_1,Q4
Q4_3As1t6JySDE_0,Q4
Q3_ii1Jw1-7Ka4_1,Q3
Q2__FVzelKlBFs_1,Q2
Q1_J6X3rVU1H-c_1,Q1
Q3_gvWDOIiocuE_2,Q3
Q3_ZvD8QSO7NPw_0,Q3
Q2_miqLU2739dk_0,Q2
Q3_0lEL_XHyhuU_0,Q3
Q3_JT1XJnVmABo_1,Q3
Q2_cFWdWpyvwag_1,Q2
Q2_k-FNDbK6Qhg_2,Q2
Q2_z5ewpQwGDNw_1,Q2
Q2_48EYLEAgaBc_1,Q2
Q3_Oku8sIpTMAE_3,Q3
Q1_6kRPHamGDSo_3,Q1
Q4_Xlv4PPGrRRs_1,Q4
Q4_Ie5koh4qvJc_17,Q4
Q2_f2BXXa7lPuE_1,Q2
Q1_2Z9SjI131jA_15,Q1
Q4_DvIH5yUrboc_1,Q4
Q2_k-FNDbK6Qhg_0,Q2
Q3_tfuul78deOs_0,Q3
Q4_mGYKWCVnMwQ_1,Q4
Q3_0lEL_XHyhuU_2,Q3
Q4_Tc684nD8CEA_3,Q4
Q4_5Ju9q1N2x0E_1,Q4
Q2_--2B4d4lQhs_1,Q2
Q2_0H4rq0L9OSw_0,Q2
Q1_2Z9SjI131jA_8,Q1
Q1_HY9vPoHbgaI_1,Q1
Q4_iXiSFSGws-c_0,Q4
Q1_zHwJG8Rrx6c_2,Q1
Q4_iGHgeUCPotc_0,Q4
Q3_v2an-9szi8M_0,Q3
Q1__BK2o77sTc0_1,Q1
Q1_2Z9SjI131jA_0,Q1
Q1__SJQaaRzD-A_0,Q1
Q1_doM_LWo-74A_0,Q1
Q3_xYZ8n8ULaNo_1,Q3
Q4_KxlqB3j0zys_3,Q4
Q2_PZN7XLKzLDI_0,Q2
Q4_pkz8OkWhwnk_0,Q4
Q2_lalnGhxT3PQ_0,Q2
Q2_-jJVb0xvbdg_1,Q2
Q1_JT1XJnVmABo_2,Q1
Q3_0wRQRwnQiqY_0,Q3
Q4_J6X3rVU1H-c_0,Q4
Q3_UE0y8MHqT-g_0,Q3
Q3__S991V8N-8s_0,Q3
Q3_iwxwLEvqeD8_0,Q3
Q3_PLfFWFZflQU_1,Q3
Q3_zvWX_dwQPtU_0,Q3
Q2_pouxqiySdI8_0,Q2
Q1_e838BE_MH6s_3,Q1
Q3_K84TcgjCRt4_2,Q3
Q4_iHPKusssXzk_2,Q4
Q2_DYBBfpEx-JI_2,Q2
Q4_ltNK_MY1HkM_1,Q4
Q4_KRlAez34QfE_1,Q4
Q1_cB-Xh8H_7-Q_0,Q1
Q1_UJcnNfeCN1c_3,Q1
Q3_FOcdHIhI0_s_0,Q3
Q3_MbvPxCUMSek_2,Q3
Q3_ZvD8QSO7NPw_1,Q3
Q2_7n32BtYb4d4_0,Q2
Q2_dtS02mrDMsM_0,Q2
Q3_77z6Ep3aOmg_0,Q3
Q2_l-4Kce3YxxQ_0,Q2
Q1_POaIGvLsp5M_0,Q1
Q2__S991V8N-8s_1,Q2
Q3_0EWWyyV7RJA_0,Q3
Q4_OyaY4213c2A_0,Q4
Q1_vv6nrZ2myXw_4,Q1
Q4_6oLmO9ZSJt0_0,Q4
Q4_KxlqB3j0zys_2,Q4
Q3_IH2KrGjKXw0_2,Q3
Q1_eVMSeElk81Q_0,Q1
Q4_FyK_c-TIcCA_0,Q4
Q2_Ie5koh4qvJc_26,Q2
Q3_X1p8xcarVu0_3,Q3
Q3_Ie5koh4qvJc_22,Q3
Q3_K84TcgjCRt4_1,Q3
Q2_sEQf5lcnj_o_3,Q2
Q4_Ie5koh4qvJc_20,Q4
Q2_3_MxhSS86oU_1,Q2
Q2_16OaOpfOPZ0_3,Q2
Q1_vv6nrZ2myXw_0,Q1
Q4_GbUV3TXUzeQ_0,Q4
Q2_kKFwiXKlhC8_1,Q2
Q1_im4Qxn3GQvo_2,Q1
Q4_qRceKZtwRWA_0,Q4
Q2_AacIP9mDLw8_0,Q2
Q1_9v2WSpn4FCw_10,Q1
Q1_gSwv8hZGM-s_0,Q1
Q4_OgkB7PfqWzA_1,Q4
Q3_g-yM0Lsp4lc_0,Q3
Q3_H6_7DjsbROQ_0,Q3
Q4_FSzOgraSKhs_1,Q4
Q1_doM_LWo-74A_3,Q1
Q4_pkz8OkWhwnk_1,Q4
Q4_VCSDjQxAJzc_1,Q4
Q4_GAvPwG2wYZM_1,Q4
Q1_JT1XJnVmABo_3,Q1
Q1_2Z9SjI131jA_4,Q1
Q2_61EA0xRX8gE_5,Q2
Q4_Tc684nD8CEA_4,Q4
Q3_1kny88W533Q_1,Q3
Q3_fnqb8zqHqdY_0,Q3
Q1_T92R7xjce34_1,Q1
Q2_eGQUZ9FlUJ4_0,Q2
Q4_vJ77eDxHezE_1,Q4
Q2_ivCNV47tsRw_3,Q2
Q3_By3JCii1k3w_0,Q3
Q3_DYBBfpEx-JI_4,Q3
Q2_08t73Qgjkt4_1,Q2
Q4_7yW9c7t8Hq0_0,Q4
Q2_L3_TadjSQQ0_0,Q2
Q4_vBHoSz8cJIE_1,Q4
Q2_1kny88W533Q_2,Q2
Q3_iRu9KQvbtVw_0,Q3
Q3_c6CwY8Gbw0c_0,Q3
Q1_gwmVjvR-sVs_0,Q1
Q4_VCSDjQxAJzc_2,Q4
Q3_MbvPxCUMSek_0,Q3
Q2_UAm0aWvzFI8_1,Q2
Q2_D-gDPh9ZpFk_2,Q2
Q3_ltxNPJda7zE_2,Q3
Q4_hoPp_GLXQis_1,Q4
Q2_UAm0aWvzFI8_0,Q2
Q1_6Uf9XBUD3wE_0,Q1
Q3_yZGBxiNPu3k_2,Q3
Q4_a5QCcwEjxAk_0,Q4
Q1_J6X3rVU1H-c_2,Q1
Q2_epX33OVpkmA_1,Q2
Q4_PK8YIUaV3Xw_0,Q4
Q3_16OaOpfOPZ0_1,Q3
Q2_f2BXXa7lPuE_3,Q2
Q1_GY3f6ckBVkA_2,Q1
Q1_UOSlDydo94E_1,Q1
Q3_PLfFWFZflQU_0,Q3
Q3_uj3Gif77SYM_8,Q3
Q3_TonQX8XbvX8_3,Q3
Q1_yFw_kO7DF-Y_1,Q1
Q4_vpTguZtJAFA_0,Q4
Q2_f2BXXa7lPuE_0,Q2
Q4_6oLmO9ZSJt0_1,Q4
Q2_S7Bo4-NCEDk_2,Q2
Q3_wqc8iqbDsGM_3,Q3
Q4_g15aRCHUJEI_2,Q4
Q1_zHwJG8Rrx6c_1,Q1
Q2_l-4Kce3YxxQ_4,Q2
Q2_Dg935IbDggo_2,Q2
Q1_XC_SiJszQx0_3,Q1
Q4_JxSU49jFKwM_1,Q4
Q1_e8NQ2NH0nc8_1,Q1
Q1_ZgT7yq2jsBk_0,Q1
Q1_5Ju9q1N2x0E_2,Q1
Q2_l-4Kce3YxxQ_1,Q2
Q3_Ie5koh4qvJc_5,Q3
Q2_16OaOpfOPZ0_2,Q2
Q1_4dXC1cC7crw_1,Q1
Q2_qlbazHayULg_0,Q2
Q1_RaUSISlnhKw_0,Q1
Q2_OCqMDeD6Fmc_3,Q2
Q2_Kk60F8a7-Jw_0,Q2
Q1_SQDuF0qxGQw_1,Q1
Q2_Uu-oRTRT6uQ_0,Q2
Q2_UTo7E0evQWw_0,Q2
Q1_Jn9r0avp0fY_0,Q1
Q1_RaUSISlnhKw_2,Q1
Q3_7JIdJLkJ0S4_0,Q3
Q3_ilCcZpD39HU_0,Q3
Q3_FOcdHIhI0_s_1,Q3
Q4_Ie5koh4qvJc_28,Q4
Q2_ANZf1QXsNrY_6,Q2
Q3_ISCVfmBvYoM_0,Q3
Q4_HQ8ISDX6PiI_0,Q4
Q1_ANZf1QXsNrY_5,Q1
Q4_HQ8ISDX6PiI_1,Q4
Q2_z5ewpQwGDNw_2,Q2
Q3_Ie5koh4qvJc_24,Q3
Q3_NTI9ode6bRk_0,Q3
Q4_GAvPwG2wYZM_0,Q4
Q4_fOYX0uH8mSQ_0,Q4
Q3_By3JCii1k3w_2,Q3
Q2_iwxwLEvqeD8_1,Q2
Q4_3TYeU9idRGI_0,Q4
Q2_jrVXitpLGMk_1,Q2
Q2_REq37pDAm3A_2,Q2
Q2_jO2zX6Ul8GM_1,Q2
Q3_02t1bj7ZABY_0,Q3
Q4_r_sD61KeUQU_0,Q4
Q2_l-4Kce3YxxQ_2,Q2
Q4_3N2G21U7guk_1,Q4
Q1_zmZHNy9T8Pg_2,Q1
Q4_TOXg4-ZGb-g_0,Q4
Q3_wxXpvnmq_-E_2,Q3
Q1_aYe-2Glruu4_4,Q1
Q3_vVTP0DOL_2Q_1,Q3
Q4_1Qc15G0ZHIg_0,Q4
Q1_zHwJG8Rrx6c_3,Q1
Q3_7JIdJLkJ0S4_1,Q3
Q1_osxmQReE_2o_0,Q1
Q4_nGkpcWNAxDU_1,Q4
Q3_2eIsQtm4YNs_0,Q3
Q1_eVMSeElk81Q_1,Q1
Q4_vpTguZtJAFA_2,Q4
Q4_UaYYMRkHMYc_0,Q4
Q3_BzqX-9TA-GY_0,Q3
Q3_H6_7DjsbROQ_1,Q3
Q3_ii1Jw1-7Ka4_0,Q3
Q4_heBmBQDWj-M_2,Q4
Q1_2Z9SjI131jA_11,Q1
Q2_QmK_SND2jAw_0,Q2
Q2_D-gDPh9ZpFk_0,Q2
Q2_k4lT-sXg3iI_2,Q2
Q2_P-We4q3goKU_6,Q2
Q2_6n8HgIcJ6vo_0,Q2
Q4_9eMxCs-LXCE_0,Q4
Q2_ItGNJM6skM4_1,Q2
Q3_wlOa1jkTn_U_1,Q3
Q2_0H4rq0L9OSw_1,Q2
Q2_JMt4m608s3k_0,Q2
Q4_BaHHHgDd0BU_1,Q4
Q4_cXxGBDgFCs8_0,Q4
Q2_WQrPcuy50aA_0,Q2
Q2_cm6E860vDjY_1,Q2
Q4_k6aLLVX1D7Y_1,Q4
Q2_yZGBxiNPu3k_0,Q2
Q4_7gifuoofgpk_0,Q4
Q2_Ie5koh4qvJc_30,Q2
Q4_nGkpcWNAxDU_0,Q4
Q3_Ie5koh4qvJc_14,Q3
Q4_e838BE_MH6s_0,Q4
Q3_FUAK5TBaNY8_3,Q3
Q4_heBmBQDWj-M_1,Q4
Q4_ltxNPJda7zE_0,Q4
Q2_ItGNJM6skM4_2,Q2
Q2_cm6E860vDjY_2,Q2
Q2_9v2WSpn4FCw_8,Q2
Q4_vpTguZtJAFA_1,Q4
Q3_uj3Gif77SYM_7,Q3
Q3_zvWX_dwQPtU_1,Q3
Q3_JNzqL24ZcZ8_0,Q3
Q4_nGkpcWNAxDU_2,Q4
Q3_X1p8xcarVu0_2,Q3
Q2_1kny88W533Q_0,Q2
Q1_9v2WSpn4FCw_5,Q1
Q3_H6_7DjsbROQ_3,Q3
Q3_JNzqL24ZcZ8_1,Q3
Q4_egYSmNuIFGk_0,Q4
Q2_b8HVQtIoBYU_0,Q2
Q4_Xf2fox7zhCQ_0,Q4
Q3_g-yM0Lsp4lc_1,Q3
Q3_uj3Gif77SYM_2,Q3
Q4_DvIH5yUrboc_0,Q4
Q2_DYBBfpEx-JI_1,Q2
Q1__SJQaaRzD-A_1,Q1
Q3_16OaOpfOPZ0_0,Q3
Q2_mlHheZbblT0_1,Q2
Q1_bQS8eAXAhyE_0,Q1
Q2_DYBBfpEx-JI_3,Q2
Q3_zjr_-ql5Avk_2,Q3
Q4_I2MrA-o5H8I_2,Q4
Q4_lvfNo4KOTmM_0,Q4
Q3_Adil-zpJdEs_0,Q3
Q4_JxSU49jFKwM_0,Q4
Q3_TonQX8XbvX8_0,Q3
Q4_ldCQ6N9G6Mk_0,Q4
Q2_QmK_SND2jAw_1,Q2
Q2_jrVXitpLGMk_0,Q2
Q4_wzSr6qR3Ra0_0,Q4
Q3_uj3Gif77SYM_1,Q3
Q3_fnqb8zqHqdY_2,Q3
Q3_IH2KrGjKXw0_1,Q3
Q4_v3Nl5rUxLqE_1,Q4
Q4_5Ju9q1N2x0E_0,Q4
Q1_xrhWli_R98g_3,Q1
Q4_9v2WSpn4FCw_9,Q4
Q3_K84TcgjCRt4_0,Q3
Q3_ldCQ6N9G6Mk_4,Q3
Q1_QwsQ8ejbMKg_0,Q1
Q4_DX1IK3z1w10_0,Q4
Q4_heBmBQDWj-M_0,Q4
Q1_UOSlDydo94E_0,Q1
Q1_e8NQ2NH0nc8_0,Q1
Q2_0v2N1ROvEI0_1,Q2
Q1_FfwKrQyQ7WU_1,Q1
Q1_fey-8bOR95E_2,Q1
Q4_Dw7M69CidJ8_3,Q4
Q1_biROWEwkDQQ_3,Q1
Q3_1Q3MoBFh6eU_2,Q3
Q1_ANZf1QXsNrY_3,Q1
Q4_aQ4PIaRMLwE_0,Q4
Q4_lQCrA2TE-fo_0,Q4
Q4_jCLgDtk695I_2,Q4
Q4_XWk5XUEBXmg_0,Q4
Q4_JT1XJnVmABo_2,Q4
Q1_HY9vPoHbgaI_2,Q1
Q2_JMt4m608s3k_1,Q2
Q1_ANZf1QXsNrY_0,Q1
Q3_x4B0raxVODA_3,Q3
Q4_oTi57hZfArE_0,Q4
Q4_Y1F0c3zgMJo_1,Q4
Q1_FfwKrQyQ7WU_0,Q1
Q3_0lEL_XHyhuU_1,Q3
Q3_Ie5koh4qvJc_3,Q3
Q2_XfA2KXodrOE_1,Q2
Q4_9eMxCs-LXCE_1,Q4
Q3_wS0RzrBL9UI_1,Q3
Q4_OgkB7PfqWzA_0,Q4
Q3_2eIsQtm4YNs_1,Q3
Q3_pbVGv_g4n50_0,Q3
Q2_61EA0xRX8gE_0,Q2
Q4_Tjno89OVuRI_1,Q4
Q2_mlHheZbblT0_0,Q2
Q4_Ie5koh4qvJc_1,Q4
Q3_D3onzY4MNxE_1,Q3
Q1_yFw_kO7DF-Y_0,Q1
Q1_qlbazHayULg_8,Q1
Q3_OO7zYVeK814_1,Q3
Q3_02t1bj7ZABY_2,Q3
Q4_22S3w4idugs_0,Q4
Q2_cm6E860vDjY_0,Q2
Q2_yhIncZ_Ue4E_0,Q2
Q4_Xf2fox7zhCQ_1,Q4
Q2_yrvKReuwVlY_2,Q2
Q4_HYVmgq5Y93g_1,Q4
Q1_sUJ4a74Skk8_0,Q1
Q3_fuCxYrru2S4_0,Q3
Q4_jCLgDtk695I_4,Q4
Q2_Dg935IbDggo_1,Q2
Q1_BGf5nCdzPOc_0,Q1
Q4_Xlv4PPGrRRs_0,Q4
Q2_jTPXwbDtIpA_1,Q2
Q4_UbKAl4roB8k_0,Q4
Q4_ldCQ6N9G6Mk_1,Q4
Q2_qlbazHayULg_12,Q2
Q2_D5kyjnlDNZs_2,Q2
Q2_wfXSdMsd4q8_5,Q2
Q4_5DqIntcmdRI_1,Q4
Q2_GwdQliEv6Z0_0,Q2
Q4_MT2_mXn-vGU_1,Q4
Q1_s5b8viFsVJE_2,Q1
Q1_9v2WSpn4FCw_1,Q1
Q1_mX-xs3OVhTs_0,Q1
Q2_ZTrEoB8T9YA_0,Q2
Q4_d_49EtXDMFE_2,Q4
Q4_1A9Hh2GrDTs_0,Q4
Q4_UbKAl4roB8k_1,Q4
Q2_Ie5koh4qvJc_7,Q2
Q4_kfYaGryaGzI_0,Q4
Q4_KxlqB3j0zys_4,Q4
Q2_qlbazHayULg_1,Q2
Q4_lvfNo4KOTmM_1,Q4
Q2_qlbazHayULg_2,Q2
Q3_ilCcZpD39HU_1,Q3
Q1_UYh88SRZC24_0,Q1
Q3_S1T3UF1vhSk_0,Q3
Q3_qlbazHayULg_3,Q3
Q4_XC_SiJszQx0_2,Q4
Q4_8TYY0qG-KOw_0,Q4
Q1_0vLPYiPN7qY_1,Q1
Q4_Tc684nD8CEA_2,Q4
Q1_Y5JcZQ0xg4Y_3,Q1
Q3_wfXSdMsd4q8_3,Q3
Q1_2Z9SjI131jA_1,Q1
Q1_s6-SbDSZzEU_1,Q1
Q1_7yW9c7t8Hq0_1,Q1
Q4_0c2dTJTDUR4_1,Q4
Q4_V_jbWvQNh5c_1,Q4
Q2_3ZnxqCZ7qGg_1,Q2
Q3_IH2KrGjKXw0_0,Q3
Q1_4ydjOX3pWds_0,Q1
Q4_Q49PWE0RJLY_1,Q4
Q4_XWk5XUEBXmg_1,Q4
Q3_x4B0raxVODA_0,Q3
Q3_2v6gJi03LlA_0,Q3
Q1_8rupdevqfuI_1,Q1
Q1_4ydjOX3pWds_1,Q1
Q4_Gcbk0GPT3-g_0,Q4
Q1_K6OFDxBU370_0,Q1
Q1_vv6nrZ2myXw_1,Q1
Q2_1kny88W533Q_4,Q2
Q2_pouxqiySdI8_1,Q2
Q2__FVzelKlBFs_2,Q2
Q2_5CEAeMiXKaA_0,Q2
Q3_0lEL_XHyhuU_3,Q3
Q2_JYVXM0qNQAg_1,Q2
Q2_9v2WSpn4FCw_3,Q2
Q1_PdwxeMPXOCk_0,Q1
Q1_6Uf9XBUD3wE_1,Q1
Q1_VXgRfsVd_o0_1,Q1
Q4_2Z9SjI131jA_5,Q4
Q1_iFgSjUqI7iM_1,Q1
Q3_cCfEDTkuMvg_0,Q3
Q2_OCqMDeD6Fmc_1,Q2
Q2_EtAbPc20mn8_0,Q2
Q1_Wy2-my19YnY_0,Q1
Q4_pRuwHN-lI44_3,Q4
Q1_1Qc15G0ZHIg_2,Q1
Q3_f0NbGeyJYms_0,Q3
Q1_7yW9c7t8Hq0_2,Q1
Q4_CkjAksZstEA_0,Q4
Q1_Cg2u_Ldjv8g_1,Q1
Q2_61EA0xRX8gE_4,Q2
Q3__vZOEQCYSaY_0,Q3
Q4_UbKAl4roB8k_2,Q4
Q3_vVTP0DOL_2Q_0,Q3
Q3_-vAz_HTFEXs_1,Q3
Q1_aYe-2Glruu4_1,Q1
Q2_cQp1BYDGcRo_0,Q2
Q3_vVTP0DOL_2Q_3,Q3
Q4_DvIH5yUrboc_2,Q4
Q2_qlbazHayULg_11,Q2
Q4_Ury1cdB79s0_1,Q4
Q2_WQrPcuy50aA_1,Q2
Q4_vJ77eDxHezE_0,Q4
Q1_bQS8eAXAhyE_2,Q1
Q4_HYVmgq5Y93g_0,Q4
Q1_NP0lwB-_-og_1,Q1
Q2_L3_TadjSQQ0_1,Q2
Q4_gwmVjvR-sVs_2,Q4
Q2_WBxql6cuU7c_0,Q2
Q4_kMHiU0fhWVw_3,Q4
Q3_Ie5koh4qvJc_18,Q3
Q2_jTPXwbDtIpA_2,Q2
Q2_48EYLEAgaBc_0,Q2
Q3_UJcnNfeCN1c_0,Q3
Q1_9v2WSpn4FCw_2,Q1
Q1_jziI_cuN_H8_1,Q1
Q2_--2B4d4lQhs_0,Q2
Q4_JP3QKZlyQz4_2,Q4
Q1_VXgRfsVd_o0_0,Q1
Q3_nBIls0laAAU_1,Q3
Q3_Ie5koh4qvJc_29,Q3
Q1_TNoaOTrTkTQ_2,Q1
Q1_6kRPHamGDSo_1,Q1
Q1_e838BE_MH6s_4,Q1
Q1_UYh88SRZC24_1,Q1
Q4_g15aRCHUJEI_0,Q4
Q2_yrvKReuwVlY_1,Q2
Q2_snfsc7pEzlk_0,Q2
Q1_POaIGvLsp5M_1,Q1
Q3_0vLPYiPN7qY_3,Q3
Q3_uj3Gif77SYM_4,Q3
Q2_0J7lX-Tcx-w_1,Q2
Q2__vZOEQCYSaY_1,Q2
Q3_bbU31JLtlug_0,Q3
Q4_NzJjMGJg1wE_0,Q4
Q4_QBJ6YYYpIyk_0,Q4
Q4_biROWEwkDQQ_1,Q4
Q3_p2qihp_PnLY_0,Q3
Q3_FUAK5TBaNY8_0,Q3
Q3_UuLTvhERcnk_0,Q3
Q4_pzeHffxmdcE_0,Q4
Q1_uqRLEByE6pU_0,Q1
Q2_P-We4q3goKU_2,Q2
Q4_lTxVVdhFE6Q_1,Q4
Q1_KxlqB3j0zys_0,Q1
Q1_WpZ1rWHOCAQ_1,Q1
Q4_rW1I58_lMEg_0,Q4
Q4_uUtnyA6tLnI_0,Q4
Q4_ldCQ6N9G6Mk_5,Q4
Q3_zMa78n8ULtE_0,Q3
Q1_94ROf10d1iA_1,Q1
Q4_biROWEwkDQQ_2,Q4
Q4_Ie5koh4qvJc_16,Q4
Q1_SQDuF0qxGQw_0,Q1
Q4_Dw7M69CidJ8_0,Q4
Q2_dtS02mrDMsM_2,Q2
Q2_ZdyiXIlKe_Y_1,Q2
Q1_pNwQ9Tu_bCs_0,Q1
Q2_FUAK5TBaNY8_1,Q2
Q3_OO7zYVeK814_2,Q3
Q4_jCLgDtk695I_0,Q4
Q1_9Yb9OEVwups_0,Q1
Q4_Dw7M69CidJ8_1,Q4
Q4_sA9ac1rod84_1,Q4
Q2_TcFVq0leii4_2,Q2
Q4_FSzOgraSKhs_0,Q4
Q4_1vjy9oMFa8c_1,Q4
Q1_GY3f6ckBVkA_0,Q1
Q3_p2qihp_PnLY_1,Q3
Q1_o5AIp2Yc01M_1,Q1
Q3_uj3Gif77SYM_0,Q3
Q1_Xsn9zT-05ns_1,Q1
Q2_9v2WSpn4FCw_6,Q2
Q2_f2BXXa7lPuE_2,Q2
Q1_PdwxeMPXOCk_1,Q1
Q4_lTxVVdhFE6Q_0,Q4
Q3_77z6Ep3aOmg_1,Q3
Q2_Q5b5unyP8BM_1,Q2
Q2_Dg935IbDggo_3,Q2
Q4_v3Nl5rUxLqE_0,Q4
Q1_eVMSeElk81Q_2,Q1
Q1_3N2G21U7guk_6,Q1
Q3_FH28sPhm9Dc_1,Q3
Q1_nOIBJHkqrE8_0,Q1
Q2_0qYNvMCEwaw_0,Q2
Q3_E5qEloUO3SM_1,Q3
Q3_Oku8sIpTMAE_1,Q3
Q2_o20YCzej5_s_0,Q2
Q4_cXxGBDgFCs8_2,Q4
Q1_1vjy9oMFa8c_4,Q1
Q4_B3aRl8iTEKw_0,Q4
Q4_12tDlCQVRtA_2,Q4
Q2_P-We4q3goKU_5,Q2
Q4_2Z9SjI131jA_6,Q4
Q2_CxFXrYgdSSI_0,Q2
Q3_FUAK5TBaNY8_2,Q3
Q4_yC0fAQxGgr0_1,Q4
Q3_G4rL_OtfFAU_0,Q3
Q2_lFznCt5kvXM_0,Q2
Q1_s5b8viFsVJE_0,Q1
Q3_yZGBxiNPu3k_1,Q3
Q1_jziI_cuN_H8_2,Q1
Q1_4dXC1cC7crw_0,Q1
Q3_gvWDOIiocuE_0,Q3
Q1_9v2WSpn4FCw_6,Q1
Q1_Xsn9zT-05ns_0,Q1
Q2_x5ibvz38jOs_1,Q2
Q2_Ie5koh4qvJc_11,Q2
Q1_3N2G21U7guk_5,Q1
Q3_H6_7DjsbROQ_2,Q3
Q2_UJcnNfeCN1c_1,Q2
Q1_0vLPYiPN7qY_2,Q1
Q4_Q49PWE0RJLY_0,Q4
Q4_-_FjI4bT2Wo_1,Q4
Q4_FyK_c-TIcCA_1,Q4
Q2_ANZf1QXsNrY_7,Q2
Q3_REq37pDAm3A_1,Q3
Q3_uj3Gif77SYM_6,Q3
Q4_UaYYMRkHMYc_1,Q4
Q3_egYSmNuIFGk_2,Q3
Q1_RaUSISlnhKw_1,Q1
Q4_g15aRCHUJEI_1,Q4
Q2_Ie5koh4qvJc_10,Q2
Q4_KRlAez34QfE_0,Q4
Q1_8rupdevqfuI_2,Q1
Q2_sEQf5lcnj_o_2,Q2
Q3_AacIP9mDLw8_1,Q3
Q2_5NW0zDu6IYM_0,Q2
Q4_1fdxsFbnsX4_0,Q4
Q2_JMt4m608s3k_2,Q2
Q3_xIsvaT20pZ0_0,Q3
Q3_QJlnTN7HRwE_0,Q3
Q4_q4T8Znozvkk_0,Q4
Q4_12tDlCQVRtA_0,Q4
Q2_JT1XJnVmABo_6,Q2
Q4_kMHiU0fhWVw_1,Q4
Q4_61EA0xRX8gE_2,Q4
Q3_wxXpvnmq_-E_0,Q3
Q3_OO7zYVeK814_0,Q3
Q2_1EDThWjNxOI_1,Q2
Q4_pRuwHN-lI44_2,Q4
Q3_c6CwY8Gbw0c_1,Q3
Q1__BK2o77sTc0_0,Q1
Q1_doM_LWo-74A_1,Q1
Q3_Oku8sIpTMAE_2,Q3
Q1_ldCQ6N9G6Mk_2,Q1
Q1_r6laJv1-HMg_0,Q1
Q1_1Qc15G0ZHIg_3,Q1
Q4_3TYeU9idRGI_1,Q4
Q3_veG92Oi-DlU_1,Q3
Q3_UuLTvhERcnk_1,Q3
Q2_BzqX-9TA-GY_1,Q2
Q1_WpZ1rWHOCAQ_0,Q1
Q2_lalnGhxT3PQ_1,Q2
Q3_9Xg69XrVaYU_2,Q3
Q3_4Er-eFHSHA4_0,Q3
Q2_3ZnxqCZ7qGg_2,Q2
Q2_k4lT-sXg3iI_0,Q2
Q4_UpHutdJvZMI_0,Q4
Q1_dfNdpy8TUzA_2,Q1
Q4_ADJ_PDauy-g_2,Q4
Q4_JP3QKZlyQz4_1,Q4
Q1_doM_LWo-74A_4,Q1
Q1__kJtgm1OUNA_1,Q1
Q2_GwdQliEv6Z0_1,Q2
Q2_jIKX3ShvLxo_0,Q2
Q4_1vjy9oMFa8c_3,Q4
Q4_rDhbGjFlKF8_1,Q4
Q1_bQS8eAXAhyE_1,Q1
Q2_P-We4q3goKU_4,Q2
Q1_Jn9r0avp0fY_3,Q1
Q4_xrhWli_R98g_0,Q4
Q4_aQ4PIaRMLwE_2,Q4
Q4_--2B4d4lQhs_3,Q4
Q4_3N2G21U7guk_2,Q4
Q2_jO2zX6Ul8GM_0,Q2
Q2_gvWDOIiocuE_1,Q2
Q1_TNoaOTrTkTQ_0,Q1
Q4_jSWItJI-Gmk_0,Q4
Q3_Ie5koh4qvJc_23,Q3
Q3_RiQMuhk_SuQ_0,Q3
Q4_ltNK_MY1HkM_0,Q4
Q2_OCqMDeD6Fmc_2,Q2
Q2_fuCxYrru2S4_1,Q2
Q4_UpHutdJvZMI_1,Q4
Q3_Ie5koh4qvJc_15,Q3
Q1_s5b8viFsVJE_1,Q1
Q3_veG92Oi-DlU_0,Q3
Q4_gxsdWKc1QaM_0,Q4
Q1_3N2G21U7guk_3,Q1
Q3_vVTP0DOL_2Q_2,Q3
Q2_08t73Qgjkt4_0,Q2
Q3_3ZnxqCZ7qGg_0,Q3
Q2_ZTrEoB8T9YA_2,Q2
Q4_f2b4kpdw7_c_0,Q4
Q1_vv6nrZ2myXw_2,Q1
Q3_xYZ8n8ULaNo_0,Q3
Q3_qlbazHayULg_9,Q3
Q4_j8Ir-ssM-AA_1,Q4
Q2_UE0y8MHqT-g_1,Q2
Q3_ilCcZpD39HU_2,Q3
Q4_V_jbWvQNh5c_0,Q4
Q4_oTi57hZfArE_1,Q4
Q2_RiQMuhk_SuQ_2,Q2
Q1_Ie5koh4qvJc_6,Q1
Q1_s6-SbDSZzEU_0,Q1
Q4_170KC2CbJ7Y_1,Q4
Q3_VrWAZLRdQO8_0,Q3
Q4_ltxNPJda7zE_4,Q4
Q1_fey-8bOR95E_1,Q1
Q1_IH2KrGjKXw0_3,Q1
Q4_jCLgDtk695I_1,Q4
Q1_3ahg_eQZhxs_0,Q1
Q3_ilCcZpD39HU_3,Q3
Q4_rW1I58_lMEg_3,Q4
Q3_TonQX8XbvX8_1,Q3
Q4_Ury1cdB79s0_0,Q4
Q2_9v2WSpn4FCw_7,Q2
Q4_kMHiU0fhWVw_0,Q4
Q3_qRceKZtwRWA_1,Q3
Q1_GbUV3TXUzeQ_2,Q1
Q1_5NW0zDu6IYM_2,Q1
Q4_UpHutdJvZMI_2,Q4
Q1_Jn9r0avp0fY_2,Q1
Q4_VXh4IaR5C6s_0,Q4
Q4_B3aRl8iTEKw_1,Q4
Q1_K6OFDxBU370_1,Q1
Q3_wqc8iqbDsGM_4,Q3
Q1_6wFJhmhNeeg_0,Q1
Q1_KxlqB3j0zys_1,Q1
Q2_DhnX54kOW8U_0,Q2
Q2_78C_TpQDvVE_0,Q2
Q2_0J7lX-Tcx-w_0,Q2
Q2_S7Bo4-NCEDk_0,Q2
Q4_PZN7XLKzLDI_1,Q4
Q4_170KC2CbJ7Y_0,Q4
Q2_8c7kcmsnf-s_0,Q2
Q3_c6CwY8Gbw0c_3,Q3
Q4_ltxNPJda7zE_3,Q4
Q4_lQCrA2TE-fo_1,Q4
Q1_Y5JcZQ0xg4Y_1,Q1
Q3_wfXSdMsd4q8_0,Q3
Q3_TonQX8XbvX8_2,Q3
Q2_eGQUZ9FlUJ4_1,Q2
Q2_P-We4q3goKU_1,Q2
Q2_DYBBfpEx-JI_0,Q2
Q4_k6aLLVX1D7Y_2,Q4
Q1_aYe-2Glruu4_0,Q1
Q4_I2MrA-o5H8I_0,Q4
Q3_wS0RzrBL9UI_2,Q3
Q4_iXiSFSGws-c_1,Q4
Q2_epX33OVpkmA_2,Q2
Q4_jNzZCplNNyY_1,Q4
Q2_yrvKReuwVlY_0,Q2
Q2_snfsc7pEzlk_1,Q2
Q4_prUUays30Mg_1,Q4
Q4_5J_zI7QE9W8_0,Q4
Q1_zHwJG8Rrx6c_0,Q1
Q1_9v2WSpn4FCw_0,Q1
Q2_yrvKReuwVlY_3,Q2
Q4_Ie5koh4qvJc_32,Q4
Q2_S7Bo4-NCEDk_1,Q2
Q1__8v0MFBZoco_0,Q1
Q4_d_49EtXDMFE_0,Q4
Q4_KRlAez34QfE_2,Q4
Q2_-jJVb0xvbdg_0,Q2
Q3_-vAz_HTFEXs_0,Q3
Q1_GbUV3TXUzeQ_1,Q1
Q4_a5QCcwEjxAk_1,Q4
Q2_jIKX3ShvLxo_1,Q2
Q4_5J_zI7QE9W8_1,Q4
Q1_JYVXM0qNQAg_0,Q1
Q1__kJtgm1OUNA_2,Q1
Q4_5DqIntcmdRI_0,Q4
Q1_TNoaOTrTkTQ_1,Q1
Q1__8v0MFBZoco_1,Q1
Q4_pRuwHN-lI44_1,Q4
Q2_nOIBJHkqrE8_1,Q2
Q4_NP0lwB-_-og_0,Q4
Q1_sZe3IB1OVfw_0,Q1
Q3_REq37pDAm3A_4,Q3
Q2_AWNbcxXDmt0_0,Q2
Q4_JT1XJnVmABo_1,Q4
Q2_Iq6g_4AwUWs_0,Q2
Q2_Dg935IbDggo_0,Q2
Q3_zjr_-ql5Avk_0,Q3
Q1_3ahg_eQZhxs_1,Q1
Q3_2v6gJi03LlA_1,Q3
